freq,alpha
50,0.106580667
63,0.108792231
80,0.107073096
100,0.106580667
125,0.10452444
160,0.102645049
200,0.10237438
250,0.101382885
315,0.100719317
400,0.100308472
500,0.100719317
630,0.101154872
800,0.101861661
1000,0.101618314
1250,0.101618314
1600,0.101861661
2000,0.10237438
2500,0.103218836
3150,0.103842162
4000,0.104175241
5000,0.104891409
